text,label,source,n_atoms,stopping_criterion,file_path
"A constant-volume, constant-temperature (100.0 K) MD simulation using LJ/cut was performed on 108 atoms. After 10000 timesteps the total energy was -1835.0297 eV and the temperature had settled near 94.3 K. The configuration remained thermodynamically stable.",1,lammps_lj_low,108,Stable,lammps_lj_low_0
NVT dynamics at 100.0 K were applied to a 108-atom LJ/cut system over 10000 steps. The final potential energy was -1836.3341 eV. Based on the thermodynamic trajectory the system remained thermodynamically stable.,1,lammps_lj_low,108,Stable,lammps_lj_low_1
"A LJ/cut molecular dynamics run in the NVT ensemble at 100.0 K was carried out on 108 atoms for 10000 steps. At the end of the simulation, temperature = 94.3 K, potential energy = -1836.3341 eV, total energy = -1835.0297 eV. The system remained thermodynamically stable.",1,lammps_lj_low,108,Stable,lammps_lj_low_2
"Using a Nosé-Hoover thermostat set to 100.0 K, a LJ/cut simulation of 108 atoms ran for 10000 steps. Final state: T = 94.3 K, PE = -1836.3341 eV, E_total = -1835.0297 eV. The system remained thermodynamically stable.",1,lammps_lj_low,108,Stable,lammps_lj_low_3
An NVT molecular dynamics simulation of 108 atoms with LJ/cut interactions was run at a target temperature of 100.0 K for 10000 steps. The system remained thermodynamically stable. The final temperature was 94.3 K and the potential energy was -1836.3341 eV.,1,lammps_lj_low,108,Stable,lammps_lj_low_4
"Using a Nosé-Hoover thermostat set to 600.0 K, a LJ/cut simulation of 108 atoms ran for 10000 steps. Final state: T = 548.2 K, PE = -1830.4608 eV, E_total = -1822.8790 eV. The system remained thermodynamically stable.",1,lammps_lj_med,108,Stable,lammps_lj_med_0
"A LJ/cut molecular dynamics run in the NVT ensemble at 600.0 K was carried out on 108 atoms for 10000 steps. At the end of the simulation, temperature = 548.2 K, potential energy = -1830.4608 eV, total energy = -1822.8790 eV. The system remained thermodynamically stable.",1,lammps_lj_med,108,Stable,lammps_lj_med_1
NVT dynamics at 600.0 K were applied to a 108-atom LJ/cut system over 10000 steps. The final potential energy was -1830.4608 eV. Based on the thermodynamic trajectory the system remained thermodynamically stable.,1,lammps_lj_med,108,Stable,lammps_lj_med_2
An NVT molecular dynamics simulation of 108 atoms with LJ/cut interactions was run at a target temperature of 600.0 K for 10000 steps. The system remained thermodynamically stable. The final temperature was 548.2 K and the potential energy was -1830.4608 eV.,1,lammps_lj_med,108,Stable,lammps_lj_med_3
"A constant-volume, constant-temperature (600.0 K) MD simulation using LJ/cut was performed on 108 atoms. After 10000 timesteps the total energy was -1822.8790 eV and the temperature had settled near 548.2 K. The configuration remained thermodynamically stable.",1,lammps_lj_med,108,Stable,lammps_lj_med_4
NVT dynamics at 2000.0 K were applied to a 108-atom LJ/cut system over 10000 steps. The final potential energy was -1808.5859 eV. Based on the thermodynamic trajectory the system exhibited signs of thermal instability.,0,lammps_lj_high,108,Unstable,lammps_lj_high_0
"A constant-volume, constant-temperature (2000.0 K) MD simulation using LJ/cut was performed on 108 atoms. After 10000 timesteps the total energy was -1782.8653 eV and the temperature had settled near 1859.7 K. The configuration exhibited signs of thermal instability.",0,lammps_lj_high,108,Unstable,lammps_lj_high_1
An NVT molecular dynamics simulation of 108 atoms with LJ/cut interactions was run at a target temperature of 2000.0 K for 10000 steps. The system exhibited signs of thermal instability. The final temperature was 1859.7 K and the potential energy was -1808.5859 eV.,0,lammps_lj_high,108,Unstable,lammps_lj_high_2
"A LJ/cut molecular dynamics run in the NVT ensemble at 2000.0 K was carried out on 108 atoms for 10000 steps. At the end of the simulation, temperature = 1859.7 K, potential energy = -1808.5859 eV, total energy = -1782.8653 eV. The system exhibited signs of thermal instability.",0,lammps_lj_high,108,Unstable,lammps_lj_high_3
"Using a Nosé-Hoover thermostat set to 2000.0 K, a LJ/cut simulation of 108 atoms ran for 10000 steps. Final state: T = 1859.7 K, PE = -1808.5859 eV, E_total = -1782.8653 eV. The system exhibited signs of thermal instability.",0,lammps_lj_high,108,Unstable,lammps_lj_high_4
"Using a Parrinello-Rahman barostat and Nose-Hoover thermostat, a NequIP NPT simulation of unknown atoms was run at 600 K under high pressure for 10000 steps. Final state: potential energy = -30.0613 eV, pressure = 0.00 bar. The system exhibited signs of mechanical failure or instability under high pressure. Dangerous neighbor list builds were detected, suggesting atomic overlaps or instability.",0,lammps_nequip_npt_high,,Unstable,lammps_nequip_npt_high_0
"A NequIP simulation in the NPT ensemble at 600 K was run on unknown atoms under high external pressure for 10000 steps. At termination: T = 503.0 K, PE = -30.0613 eV, E_total = -29.6062 eV, P = 0.00 bar. The system exhibited signs of mechanical failure or instability under high pressure. Dangerous neighbor list builds were detected, suggesting atomic overlaps or instability.",0,lammps_nequip_npt_high,,Unstable,lammps_nequip_npt_high_1
"An NPT molecular dynamics simulation of unknown atoms with NequIP interactions was performed at 600 K under high applied pressure for 10000 steps. The system exhibited signs of mechanical failure or instability under high pressure. Final temperature: 503.0 K, potential energy: -30.0613 eV, pressure: 0.00 bar. Dangerous neighbor list builds were detected, suggesting atomic overlaps or instability.",0,lammps_nequip_npt_high,,Unstable,lammps_nequip_npt_high_2
"NPT dynamics at 600 K and high pressure were applied to a unknown-atom NequIP system over 10000 steps. The final potential energy was -30.0613 eV. The system exhibited signs of mechanical failure or instability under high pressure. Dangerous neighbor list builds were detected, suggesting atomic overlaps or instability.",0,lammps_nequip_npt_high,,Unstable,lammps_nequip_npt_high_3
"A constant-pressure, constant-temperature MD run using NequIP was carried out on unknown atoms at 600 K under elevated pressure. After 10000 steps the total energy was -29.6062 eV and pressure was 0.00 bar. The configuration exhibited signs of mechanical failure or instability under high pressure. Dangerous neighbor list builds were detected, suggesting atomic overlaps or instability.",0,lammps_nequip_npt_high,,Unstable,lammps_nequip_npt_high_4
NVT dynamics at 300.0 K were applied to a 4-atom LJ/cut system over 10000 steps. The final potential energy was 640.9436 eV. Based on the thermodynamic trajectory the system remained thermodynamically stable.,1,lammps_lj_nvt_300k,4,Stable,lammps_lj_nvt_300k_0
"Using a Nosé-Hoover thermostat set to 300.0 K, a LJ/cut simulation of 4 atoms ran for 10000 steps. Final state: T = 389.1 K, PE = 640.9436 eV, E_total = 646.3246 eV. The system remained thermodynamically stable.",1,lammps_lj_nvt_300k,4,Stable,lammps_lj_nvt_300k_1
"A LJ/cut molecular dynamics run in the NVT ensemble at 300.0 K was carried out on 4 atoms for 10000 steps. At the end of the simulation, temperature = 389.1 K, potential energy = 640.9436 eV, total energy = 646.3246 eV. The system remained thermodynamically stable.",1,lammps_lj_nvt_300k,4,Stable,lammps_lj_nvt_300k_2
"A constant-volume, constant-temperature (300.0 K) MD simulation using LJ/cut was performed on 4 atoms. After 10000 timesteps the total energy was 646.3246 eV and the temperature had settled near 389.1 K. The configuration remained thermodynamically stable.",1,lammps_lj_nvt_300k,4,Stable,lammps_lj_nvt_300k_3
An NVT molecular dynamics simulation of 4 atoms with LJ/cut interactions was run at a target temperature of 300.0 K for 10000 steps. The system remained thermodynamically stable. The final temperature was 389.1 K and the potential energy was 640.9436 eV.,1,lammps_lj_nvt_300k,4,Stable,lammps_lj_nvt_300k_4
"A LJ/cut molecular dynamics run in the NVT ensemble at 1000.0 K was carried out on 4 atoms for 10000 steps. At the end of the simulation, temperature = 1061.9 K, potential energy = 651.1574 eV, total energy = 665.8438 eV. The system remained thermodynamically stable.",1,lammps_lj_nvt_1000k,4,Stable,lammps_lj_nvt_1000k_0
NVT dynamics at 1000.0 K were applied to a 4-atom LJ/cut system over 10000 steps. The final potential energy was 651.1574 eV. Based on the thermodynamic trajectory the system remained thermodynamically stable.,1,lammps_lj_nvt_1000k,4,Stable,lammps_lj_nvt_1000k_1
"Using a Nosé-Hoover thermostat set to 1000.0 K, a LJ/cut simulation of 4 atoms ran for 10000 steps. Final state: T = 1061.9 K, PE = 651.1574 eV, E_total = 665.8438 eV. The system remained thermodynamically stable.",1,lammps_lj_nvt_1000k,4,Stable,lammps_lj_nvt_1000k_2
An NVT molecular dynamics simulation of 4 atoms with LJ/cut interactions was run at a target temperature of 1000.0 K for 10000 steps. The system remained thermodynamically stable. The final temperature was 1061.9 K and the potential energy was 651.1574 eV.,1,lammps_lj_nvt_1000k,4,Stable,lammps_lj_nvt_1000k_3
"A constant-volume, constant-temperature (1000.0 K) MD simulation using LJ/cut was performed on 4 atoms. After 10000 timesteps the total energy was 665.8438 eV and the temperature had settled near 1061.9 K. The configuration remained thermodynamically stable.",1,lammps_lj_nvt_1000k,4,Stable,lammps_lj_nvt_1000k_4
"Using a Nosé-Hoover thermostat set to 1500.0 K, a LJ/cut simulation of 4 atoms ran for 10000 steps. Final state: T = 1582.8 K, PE = 657.1536 eV, E_total = 679.0445 eV. The system exhibited signs of thermal instability.",0,lammps_lj_nvt_1500k,4,Unstable,lammps_lj_nvt_1500k_0
"A constant-volume, constant-temperature (1500.0 K) MD simulation using LJ/cut was performed on 4 atoms. After 10000 timesteps the total energy was 679.0445 eV and the temperature had settled near 1582.8 K. The configuration exhibited signs of thermal instability.",0,lammps_lj_nvt_1500k,4,Unstable,lammps_lj_nvt_1500k_1
An NVT molecular dynamics simulation of 4 atoms with LJ/cut interactions was run at a target temperature of 1500.0 K for 10000 steps. The system exhibited signs of thermal instability. The final temperature was 1582.8 K and the potential energy was 657.1536 eV.,0,lammps_lj_nvt_1500k,4,Unstable,lammps_lj_nvt_1500k_2
NVT dynamics at 1500.0 K were applied to a 4-atom LJ/cut system over 10000 steps. The final potential energy was 657.1536 eV. Based on the thermodynamic trajectory the system exhibited signs of thermal instability.,0,lammps_lj_nvt_1500k,4,Unstable,lammps_lj_nvt_1500k_3
"A LJ/cut molecular dynamics run in the NVT ensemble at 1500.0 K was carried out on 4 atoms for 10000 steps. At the end of the simulation, temperature = 1582.8 K, potential energy = 657.1536 eV, total energy = 679.0445 eV. The system exhibited signs of thermal instability.",0,lammps_lj_nvt_1500k,4,Unstable,lammps_lj_nvt_1500k_4
An NVT molecular dynamics simulation of 14 atoms with LJ/cut interactions was run at a target temperature of 100.0 K for unknown steps. The system remained thermodynamically stable. The final temperature was 100.0 K and the potential energy was 11410114000.0000 eV.,1,lammps_lj_nvt_low_large,14,Stable,lammps_lj_nvt_low_large_0
"A LJ/cut molecular dynamics run in the NVT ensemble at 100.0 K was carried out on 14 atoms for unknown steps. At the end of the simulation, temperature = 100.0 K, potential energy = 11410114000.0000 eV, total energy = 11410114000.0000 eV. The system remained thermodynamically stable.",1,lammps_lj_nvt_low_large,14,Stable,lammps_lj_nvt_low_large_1
"Using a Nosé-Hoover thermostat set to 100.0 K, a LJ/cut simulation of 14 atoms ran for unknown steps. Final state: T = 100.0 K, PE = 11410114000.0000 eV, E_total = 11410114000.0000 eV. The system remained thermodynamically stable.",1,lammps_lj_nvt_low_large,14,Stable,lammps_lj_nvt_low_large_2
"A constant-volume, constant-temperature (100.0 K) MD simulation using LJ/cut was performed on 14 atoms. After unknown timesteps the total energy was 11410114000.0000 eV and the temperature had settled near 100.0 K. The configuration remained thermodynamically stable.",1,lammps_lj_nvt_low_large,14,Stable,lammps_lj_nvt_low_large_3
NVT dynamics at 100.0 K were applied to a 14-atom LJ/cut system over unknown steps. The final potential energy was 11410114000.0000 eV. Based on the thermodynamic trajectory the system remained thermodynamically stable.,1,lammps_lj_nvt_low_large,14,Stable,lammps_lj_nvt_low_large_4
"A constant-volume, constant-temperature (100.0 K) MD simulation using EAM was performed on 4 atoms. After 200 timesteps the total energy was -340.8860 eV and the temperature had settled near 1042.4 K. The configuration remained thermodynamically stable.",1,lammps_eam_nvt_low,4,Stable,lammps_eam_nvt_low_0
"Using a Nosé-Hoover thermostat set to 100.0 K, a EAM simulation of 4 atoms ran for 200 steps. Final state: T = 1042.4 K, PE = -355.3038 eV, E_total = -340.8860 eV. The system remained thermodynamically stable.",1,lammps_eam_nvt_low,4,Stable,lammps_eam_nvt_low_1
An NVT molecular dynamics simulation of 4 atoms with EAM interactions was run at a target temperature of 100.0 K for 200 steps. The system remained thermodynamically stable. The final temperature was 1042.4 K and the potential energy was -355.3038 eV.,1,lammps_eam_nvt_low,4,Stable,lammps_eam_nvt_low_2
NVT dynamics at 100.0 K were applied to a 4-atom EAM system over 200 steps. The final potential energy was -355.3038 eV. Based on the thermodynamic trajectory the system remained thermodynamically stable.,1,lammps_eam_nvt_low,4,Stable,lammps_eam_nvt_low_3
"A EAM molecular dynamics run in the NVT ensemble at 100.0 K was carried out on 4 atoms for 200 steps. At the end of the simulation, temperature = 1042.4 K, potential energy = -355.3038 eV, total energy = -340.8860 eV. The system remained thermodynamically stable.",1,lammps_eam_nvt_low,4,Stable,lammps_eam_nvt_low_4
"A NequIP molecular dynamics run in the NVT ensemble at unknown K was carried out on unknown atoms for unknown steps. At the end of the simulation, temperature = N/A K, potential energy = N/A eV, total energy = N/A eV. The system remained thermodynamically stable.",1,lammps_nequip_nvt_stable,,Stable,lammps_nequip_nvt_stable_0
"A constant-volume, constant-temperature (unknown K) MD simulation using NequIP was performed on unknown atoms. After unknown timesteps the total energy was N/A eV and the temperature had settled near N/A K. The configuration remained thermodynamically stable.",1,lammps_nequip_nvt_stable,,Stable,lammps_nequip_nvt_stable_1
An NVT molecular dynamics simulation of unknown atoms with NequIP interactions was run at a target temperature of unknown K for unknown steps. The system remained thermodynamically stable. The final temperature was N/A K and the potential energy was N/A eV.,1,lammps_nequip_nvt_stable,,Stable,lammps_nequip_nvt_stable_2
NVT dynamics at unknown K were applied to a unknown-atom NequIP system over unknown steps. The final potential energy was N/A eV. Based on the thermodynamic trajectory the system remained thermodynamically stable.,1,lammps_nequip_nvt_stable,,Stable,lammps_nequip_nvt_stable_3
"Using a Nosé-Hoover thermostat set to unknown K, a NequIP simulation of unknown atoms ran for unknown steps. Final state: T = N/A K, PE = N/A eV, E_total = N/A eV. The system remained thermodynamically stable.",1,lammps_nequip_nvt_stable,,Stable,lammps_nequip_nvt_stable_4
NVT dynamics at unknown K were applied to a unknown-atom NequIP system over unknown steps. The final potential energy was N/A eV. Based on the thermodynamic trajectory the system exhibited signs of thermal instability.,0,lammps_nequip_nvt_unstable,,Unstable,lammps_nequip_nvt_unstable_0
"A constant-volume, constant-temperature (unknown K) MD simulation using NequIP was performed on unknown atoms. After unknown timesteps the total energy was N/A eV and the temperature had settled near N/A K. The configuration exhibited signs of thermal instability.",0,lammps_nequip_nvt_unstable,,Unstable,lammps_nequip_nvt_unstable_1
An NVT molecular dynamics simulation of unknown atoms with NequIP interactions was run at a target temperature of unknown K for unknown steps. The system exhibited signs of thermal instability. The final temperature was N/A K and the potential energy was N/A eV.,0,lammps_nequip_nvt_unstable,,Unstable,lammps_nequip_nvt_unstable_2
"Using a Nosé-Hoover thermostat set to unknown K, a NequIP simulation of unknown atoms ran for unknown steps. Final state: T = N/A K, PE = N/A eV, E_total = N/A eV. The system exhibited signs of thermal instability.",0,lammps_nequip_nvt_unstable,,Unstable,lammps_nequip_nvt_unstable_3
"A NequIP molecular dynamics run in the NVT ensemble at unknown K was carried out on unknown atoms for unknown steps. At the end of the simulation, temperature = N/A K, potential energy = N/A eV, total energy = N/A eV. The system exhibited signs of thermal instability.",0,lammps_nequip_nvt_unstable,,Unstable,lammps_nequip_nvt_unstable_4
